﻿{
    "JobID": 0,
    "JobType": 0,
    "SC_No": 0,
    "TotalStartTime": 0,
    "TotalEndTime": 0,
    "DrivingInfo": [               
        {
            "MoveStartTime": 0,
            "MoveEndTime": 0,
            "MoveDistance": 0,
            "MotorPowerConsumption": 0,
            "MotorBreakCount": 0,
            "BreakMCCount": 0
        }
    ],
    "UpperDrivingInfo": [
        {            
            "BreakDiscCount": 0,
            "BreakRollerCount": 0,
            "BreakMCCount": 0,
            "BreakRectifierCount": 0
        }
    ],
    "HoistingInfo": [
        {
            "MoveStartTime": 0,
            "MoveEndTime": 0,
            "MoveDistance": 0,
            "MotorPowerConsumption": 0,
            "MotorBreakCount": 0,
            "BreakMCCount": 0
        }
    ],
    "ForkInfo": [
        {
            "MoveStartTime": 0,
            "MoveEndTime": 0,
            "MoveDistance": 0,
            "MotorPowerConsumption": 0,
            "MotorBreakCount": 0,
            "BreakMCCount": 0
        }
    ],
    "LaserDistanceMeterTotalUsedTime": 0,
    "OpticalRepeaterTotalUsedTime": 0,
    "Weight": 0,
    "InventoryCount" : 0
}